title,url,price,image,manufacturer,details
Toyota Land Cruiser 1998-2007 Denso Genuine Cabin Filter - Toyota OEM Quality,https://www.pakwheels.com/accessories-spare-parts/toyota-land-cruiser-1998-2007-denso-genuine-cabin-filter-toyota-oem-quality-10958053,"PKR 2,250",N/A,Auto House,"Toyota Land Cruiser 1998-2007 Denso Genuine Cabin Filter - Toyota OEM Quality
* The Denso cabin air filter ensures clean and healthy air inside your vehicle, creating a comfortable environment for you and your passengers.
* It offers original equipment manufacturer (OEM) quality, ensuring optimal performance and durability for long-lasting use and peace of mind.
* Specifically engineered to perfectly fit a wide range of automotive applications, ensuring a precise and seamless fit for your vehicle.
* This filter enhances the efficiency of your vehicle's air conditioning system, providing a more enjoyable driving experience, especially during hot weather, by purifying the air."
Toyota IST 2002-2007 Denso Genuine Cabin Filter - Toyota OEM Quality,https://www.pakwheels.com/accessories-spare-parts/toyota-ist-2002-2007-denso-genuine-cabin-filter-toyota-oem-quality-10958057,"PKR 2,250",N/A,Auto House,"Toyota IST 2002-2007 Denso Genuine Cabin Filter - Toyota OEM Quality
* The Denso cabin air filter ensures clean and healthy air inside your vehicle, creating a comfortable environment for you and your passengers.
* It offers original equipment manufacturer (OEM) quality, ensuring optimal performance and durability for long-lasting use and peace of mind.
* Specifically engineered to perfectly fit a wide range of automotive applications, ensuring a precise and seamless fit for your vehicle.
* This filter enhances the efficiency of your vehicle's air conditioning system, providing a more enjoyable driving experience, especially during hot weather, by purifying the air."
Toyota  Prado 2013-2017 Denso Genuine Cabin Filter - Toyota OEM Quality,https://www.pakwheels.com/accessories-spare-parts/toyota-prado-2013-2017-denso-genuine-cabin-filter-toyota-oem-quality-10958060,"PKR 2,250",N/A,Auto House,"Toyota  Prado 2013-2017 Denso Genuine Cabin Filter - Toyota OEM Quality
• The Denso cabin air filter ensures clean and healthy air inside your vehicle, creating a comfortable environment for you and your passengers.
• It offers original equipment manufacturer (OEM) quality, ensuring optimal performance and durability for long-lasting use and peace of mind.
• Specifically engineered to perfectly fit a wide range of automotive applications, ensuring a precise and seamless fit for your vehicle.
• This filter enhances the efficiency of your vehicle's air conditioning system, providing a more enjoyable driving experience, especially during hot weather, by purifying the air."
Toyota IQ 2008-2016 Denso Genuine Cabin Filter - Toyota OEM Quality,https://www.pakwheels.com/accessories-spare-parts/toyota-iq-2008-2016-denso-genuine-cabin-filter-toyota-oem-quality-10958068,"PKR 2,250",N/A,Auto House,"Toyota IQ 2008-2016 Denso Genuine Cabin Filter - Toyota OEM Quality
* The Denso cabin air filter ensures clean and healthy air inside your vehicle, creating a comfortable environment for you and your passengers.
* It offers original equipment manufacturer (OEM) quality, ensuring optimal performance and durability for long-lasting use and peace of mind.
* Specifically engineered to perfectly fit a wide range of automotive applications, ensuring a precise and seamless fit for your vehicle.
* This filter enhances the efficiency of your vehicle's air conditioning system, providing a more enjoyable driving experience, especially during hot weather, by purifying the air."
Toyota Harrier 2020-2025 Denso Genuine Cabin Filter - Toyota OEM Quality,https://www.pakwheels.com/accessories-spare-parts/toyota-harrier-2020-2025-denso-genuine-cabin-filter-toyota-oem-quality-10958089,"PKR 2,250",N/A,Auto House,"Toyota Harrier 2020-2025 Denso Genuine Cabin Filter - Toyota OEM Quality
* The Denso cabin air filter ensures clean and healthy air inside your vehicle, creating a comfortable environment for you and your passengers.
* It offers original equipment manufacturer (OEM) quality, ensuring optimal performance and durability for long-lasting use and peace of mind.
* Specifically engineered to perfectly fit a wide range of automotive applications, ensuring a precise and seamless fit for your vehicle.
* This filter enhances the efficiency of your vehicle's air conditioning system, providing a more enjoyable driving experience, especially during hot weather, by purifying the air."
Toyota Prado  2009-2013 Denso Genuine Cabin Filter - Toyota OEM Quality,https://www.pakwheels.com/accessories-spare-parts/toyota-prado-2009-2013-denso-genuine-cabin-filter-toyota-oem-quality-10958092,"PKR 2,250",N/A,Auto House,"Toyota Prado  2009-2013 Denso Genuine Cabin Filter - Toyota OEM Quality
• The Denso cabin air filter ensures clean and healthy air inside your vehicle, creating a comfortable environment for you and your passengers.
• It offers original equipment manufacturer (OEM) quality, ensuring optimal performance and durability for long-lasting use and peace of mind.
• Specifically engineered to perfectly fit a wide range of automotive applications, ensuring a precise and seamless fit for your vehicle.
• This filter enhances the efficiency of your vehicle's air conditioning system, providing a more enjoyable driving experience, especially during hot weather, by purifying the air."
Toyota Harrier 2013-2020 Denso Genuine Cabin Filter - Toyota OEM Quality,https://www.pakwheels.com/accessories-spare-parts/toyota-harrier-2013-2020-denso-genuine-cabin-filter-toyota-oem-quality-10958097,"PKR 2,250",N/A,Auto House,"Toyota Harrier 2013-2020 Denso Genuine Cabin Filter - Toyota OEM Quality
* The Denso cabin air filter ensures clean and healthy air inside your vehicle, creating a comfortable environment for you and your passengers.
* It offers original equipment manufacturer (OEM) quality, ensuring optimal performance and durability for long-lasting use and peace of mind.
* Specifically engineered to perfectly fit a wide range of automotive applications, ensuring a precise and seamless fit for your vehicle.
* This filter enhances the efficiency of your vehicle's air conditioning system, providing a more enjoyable driving experience, especially during hot weather, by purifying the air."
Toyota Passo Moda  2016-2025 Denso Genuine Cabin Filter - Toyota OEM Quality,https://www.pakwheels.com/accessories-spare-parts/toyota-passo-moda-2016-2025-denso-genuine-cabin-filter-toyota-oem-quality-10958107,"PKR 2,250",N/A,Auto House,"Toyota Passo Moda  2016-2025 Denso Genuine Cabin Filter - Toyota OEM Quality
• The Denso cabin air filter ensures clean and healthy air inside your vehicle, creating a comfortable environment for you and your passengers.
• It offers original equipment manufacturer (OEM) quality, ensuring optimal performance and durability for long-lasting use and peace of mind.
• Specifically engineered to perfectly fit a wide range of automotive applications, ensuring a precise and seamless fit for your vehicle.
• This filter enhances the efficiency of your vehicle's air conditioning system, providing a more enjoyable driving experience, especially during hot weather, by purifying the air."
Toyota FI Cruiser 2006-2017 Denso Genuine Cabin Filter - Toyota OEM Quality,https://www.pakwheels.com/accessories-spare-parts/toyota-fi-cruiser-2006-2017-denso-genuine-cabin-filter-toyota-oem-quality-10958109,"PKR 2,250",N/A,Auto House,"Toyota FJ Cruiser 2006-2017 Denso Genuine Cabin Filter - Toyota OEM Quality
* The Denso cabin air filter ensures clean and healthy air inside your vehicle, creating a comfortable environment for you and your passengers.
* It offers original equipment manufacturer (OEM) quality, ensuring optimal performance and durability for long-lasting use and peace of mind.
* Specifically engineered to perfectly fit a wide range of automotive applications, ensuring a precise and seamless fit for your vehicle.
* This filter enhances the efficiency of your vehicle's air conditioning system, providing a more enjoyable driving experience, especially during hot weather, by purifying the air."
Toyota Estime 2006-2019 Denso Genuine Cabin Filter - Toyota OEM Quality,https://www.pakwheels.com/accessories-spare-parts/toyota-estime-2006-2019-denso-genuine-cabin-filter-toyota-oem-quality-10958116,"PKR 2,250",N/A,Auto House,"Toyota Estime 2006-2019 Denso Genuine Cabin Filter - Toyota OEM Quality
* The Denso cabin air filter ensures clean and healthy air inside your vehicle, creating a comfortable environment for you and your passengers.
* It offers original equipment manufacturer (OEM) quality, ensuring optimal performance and durability for long-lasting use and peace of mind.
* Specifically engineered to perfectly fit a wide range of automotive applications, ensuring a precise and seamless fit for your vehicle.
* This filter enhances the efficiency of your vehicle's air conditioning system, providing a more enjoyable driving experience, especially during hot weather, by purifying the air."
Bugatti GT60 Car Led Headlight Bulb 40000LM|6500K|400W|H4,https://www.pakwheels.com/accessories-spare-parts/bugatti-gt60-car-led-headlight-bulb-40000lm-6500k-400w-h4-11062420,"PKR 5,940 PKR 6,600",N/A,New Super Autos,"Bugatti GT60 Car Led Headlight Bulb 40000LM|6500K|400W|H4
Improve your driving experience using LED Headlight Bulbs Each set comes with an easy-to-follow installation guide, everyone can personally install them, and we really mean EVERYONE! Perfect beam pattern with no dark spots. Light up your road and enhance your visibility. Array chip design ensures 360º uniform light without any dark spots, providing a wider viewing angle. Mini Design. Small body for strong fit, it can be used on 99% of vehicle models. High power, Over 30,000 hrs of brilliant continuous light. The high pure white light of color temp 6500k. High brightness in the dark to secure your safety is a perfect replacement for the old and yellow bulbs.
Specification:
Light Source Type: LED
Brand: Bugatti
Fit Type: Vehicle-Specific Fit
Color: Pure White light
Operating Voltage: DC 9-32v
Input: DC 12V
Watts: 400W
Luminous Flux: 40000LM/Pair
IP Rate: IP65
Color Temperature: 6500K
Heat Dissipation: Aviation Aluminium
Operating Life: >30000hrs
Product Features:
Waterproof
Dustproof
Easy to Installation
Brighter Than Regular Headlights.
Can Be Fit on 99% of Vehicle Models"
Bugatti GT60 Car Led Headlight Bulb 40000LM|6500K|400W|9005,https://www.pakwheels.com/accessories-spare-parts/bugatti-gt60-car-led-headlight-bulb-40000lm-6500k-400w-9005-11062428,"PKR 5,940 PKR 6,600",N/A,New Super Autos,"Bugatti GT60 Car Led Headlight Bulb 40000LM|6500K|400W|9005
Improve your driving experience using LED Headlight Bulbs Each set comes with an easy-to-follow installation guide, everyone can personally install them, and we really mean EVERYONE! Perfect beam pattern with no dark spots. Light up your road and enhance your visibility. Array chip design ensures 360º uniform light without any dark spots, providing a wider viewing angle. Mini Design. Small body for strong fit, it can be used on 99% of vehicle models. High power, Over 30,000 hrs of brilliant continuous light. The high pure white light of color temp 6500k. High brightness in the dark to secure your safety is a perfect replacement for the old and yellow bulbs.
Specification:
Light Source Type: LED
Brand: Bugatti
Fit Type: Vehicle-Specific Fit
Color: Pure White light
Operating Voltage: DC 9-32v
Input: DC 12V
Watts: 400W
Luminous Flux: 40000LM/Pair
IP Rate: IP65
Color Temperature: 6500K
Heat Dissipation: Aviation Aluminium
Operating Life: >30000hrs
Product Features:
Waterproof
Dustproof
Easy to Installation
Brighter Than Regular Headlights.
Can Be Fit on 99% of Vehicle Models"
Bugatti GT60 Car Led Headlight Bulb 40000LM|6500K|400W|H11,https://www.pakwheels.com/accessories-spare-parts/bugatti-gt60-car-led-headlight-bulb-40000lm-6500k-400w-h11-11062433,"PKR 5,940 PKR 6,600",N/A,New Super Autos,"Bugatti GT60 Car Led Headlight Bulb 40000LM|6500K|400W|H11
Improve your driving experience using LED Headlight Bulbs Each set comes with an easy-to-follow installation guide, everyone can personally install them, and we really mean EVERYONE! Perfect beam pattern with no dark spots. Light up your road and enhance your visibility. Array chip design ensures 360º uniform light without any dark spots, providing a wider viewing angle. Mini Design. Small body for strong fit, it can be used on 99% of vehicle models. High power, Over 30,000 hrs of brilliant continuous light. The high pure white light of color temp 6500k. High brightness in the dark to secure your safety is a perfect replacement for the old and yellow bulbs.
Specification:
Light Source Type: LED
Brand: Bugatti
Fit Type: Vehicle-Specific Fit
Color: Pure White light
Operating Voltage: DC 9-32v
Input: DC 12V
Watts: 400W
Luminous Flux: 40000LM/Pair
IP Rate: IP65
Color Temperature: 6500K
Heat Dissipation: Aviation Aluminium
Operating Life: >30000hrs
Product Features:
Waterproof
Dustproof
Easy to Installation
Brighter Than Regular Headlights.
Can Be Fit on 99% of Vehicle Models"
Max Power Car Led Headlight Bulb 100000LM|6500K|1000W|H4,https://www.pakwheels.com/accessories-spare-parts/max-power-car-led-headlight-bulb-100000lm-6500k-1000w-h4-11062454,"PKR 9,680 PKR 11,000",N/A,New Super Autos,"Max Power Car Led Headlight Bulb 100000LM|6500K|1000W|H4
Improve your driving experience using LED Headlight Bulbs Each set comes with an easy-to-follow installation guide, everyone can personally install them, and we really mean EVERYONE! Perfect beam pattern with no dark spots. Light up your road and enhance your visibility. Array chip design ensures 360º uniform light without any dark spots, providing a wider viewing angle. Mini Design. Small body for strong fit, it can be used on 99% of vehicle models. High power, Over 30,000 hrs of brilliant continuous light. The high pure white light of color temp 6500k. High brightness in the dark to secure your safety is a perfect replacement for the old and yellow bulbs.
Specification:
Light Source Type: LED
Brand: MAXXPOWER
Fit Type: Vehicle-Specific Fit
Color: Pure White light
Operating Voltage: DC 9-32v
Input: DC 12V
Watts: 1000W
Luminous Flux: 100000LM/Pair
IP Rate: IP65
Color Temperature: 6500K
Heat Dissipation: Aviation Aluminium
Operating Life: >30000hrs
Product Features:
Waterproof
Dustproof
Easy to Installation
Brighter Than Regular Headlights.
Can Be Fit on 99% of Vehicle Models"
Max Power Car Led Headlight Bulb 100000LM|6500K|1000W|9005,https://www.pakwheels.com/accessories-spare-parts/max-power-car-led-headlight-bulb-100000lm-6500k-1000w-9005-11062462,"PKR 9,680 PKR 11,000",N/A,New Super Autos,"Max Power Car Led Headlight Bulb 100000LM|6500K|1000W|9005
Improve your driving experience using LED Headlight Bulbs Each set comes with an easy-to-follow installation guide, everyone can personally install them, and we really mean EVERYONE! Perfect beam pattern with no dark spots. Light up your road and enhance your visibility. Array chip design ensures 360º uniform light without any dark spots, providing a wider viewing angle. Mini Design. Small body for strong fit, it can be used on 99% of vehicle models. High power, Over 30,000 hrs of brilliant continuous light. The high pure white light of color temp 6500k. High brightness in the dark to secure your safety is a perfect replacement for the old and yellow bulbs.
Specification:
Light Source Type: LED
Brand: MAXXPOWER
Fit Type: Vehicle-Specific Fit
Color: Pure White light
Operating Voltage: DC 9-32v
Input: DC 12V
Watts: 1000W
Luminous Flux: 100000LM/Pair
IP Rate: IP65
Color Temperature: 6500K
Heat Dissipation: Aviation Aluminium
Operating Life: >30000hrs
Product Features:
Waterproof
Dustproof
Easy to Installation
Brighter Than Regular Headlights.
Can Be Fit on 99% of Vehicle Models"
Max Power Car Led Headlight Bulb 100000LM|6500K|1000W|H11,https://www.pakwheels.com/accessories-spare-parts/max-power-car-led-headlight-bulb-100000lm-6500k-1000w-h11-11062471,"PKR 9,680 PKR 11,000",N/A,New Super Autos,"Max Power Car Led Headlight Bulb 100000LM|6500K|1000W|H11
Improve your driving experience using LED Headlight Bulbs Each set comes with an easy-to-follow installation guide, everyone can personally install them, and we really mean EVERYONE! Perfect beam pattern with no dark spots. Light up your road and enhance your visibility. Array chip design ensures 360º uniform light without any dark spots, providing a wider viewing angle. Mini Design. Small body for strong fit, it can be used on 99% of vehicle models. High power, Over 30,000 hrs of brilliant continuous light. The high pure white light of color temp 6500k. High brightness in the dark to secure your safety is a perfect replacement for the old and yellow bulbs.
Specification:
Light Source Type: LED
Brand: MAXXPOWER
Fit Type: Vehicle-Specific Fit
Color: Pure White light
Operating Voltage: DC 9-32v
Input: DC 12V
Watts: 1000W
Luminous Flux: 100000LM/Pair
IP Rate: IP65
Color Temperature: 6500K
Heat Dissipation: Aviation Aluminium
Operating Life: >30000hrs
Product Features:
Waterproof
Dustproof
Easy to Installation
Brighter Than Regular Headlights.
Can Be Fit on 99% of Vehicle Models"
TOKYO High Pressure Washer- Induction Motor- 1000Watt- 200Bar Auto Suction System,https://www.pakwheels.com/accessories-spare-parts/tokyo-high-pressure-washer-induction-motor-1000watt-200bar-auto-suction-system-11063697,"PKR 18,999 PKR 21,000",N/A,Harlays Auto Care,"TOKYO HIGH PRESSURE WASHER
SPECIFICATIONS
MODEL: T9
Rated Voltage: 1000W
Maximum Pressure: 200Bar
Maximum Power: 220V-50Hz
Maximum Flow: 9.0 L/Min
Water Temperature: 0-40 C
Induction Motor
TOKYO HIGH PRESSURE WASHER
SPECIFICATIONS
MODEL: T9
Rated Voltage: 1000W
Maximum Pressure: 200Bar
Maximum Power: 220V-50Hz
Maximum Flow: 9.0 L/Min
Water Temperature: 0-40 C
Induction Motor
Auto Stop System
Water From Tape And Bucket Both System
1x service gun
1x Connector
1x Adapter
1x Filter
1x Sucking Pipe
1x Shampoo Bottle
1x Service Pipe 5meter"
Zingfix Scratch Remover 120ML,https://www.pakwheels.com/accessories-spare-parts/zingfix-scratch-remover-120ml-11062480,"PKR 1,000 PKR 1,499",N/A,ZingFix,"Description:
Say goodbye to light scratches, swirl marks, and paint dullness with the
Zingfix Scratch Remover Kit
—a complete solution that includes a 120ML bottle of high-performance scratch remover and a soft foam
Applicator Pad
for smooth, even application. This easy-to-use combo is designed to restore your vehicle’s finish, enhance gloss, and eliminate minor surface imperfections—all from the comfort of your garage.
Formulated with advanced micro-abrasives, the scratch remover gently polishes the surface, removing fine blemishes without damaging your paint. The included applicator pad ensures precise control and a professional finish with every use.
What’s Inside:
1 x 120ML Zingfix Scratch Remover
1 x Soft Foam Applicator Pad
Key Features:
Removes Light Scratches & Swirls:
Effectively reduces scuff marks, swirl lines, oxidation, and minor imperfections.
Includes Applicator Pad:
Makes application cleaner, faster, and more efficient.
Restores Shine & Clarity:
Polishes the paint to a brilliant, smooth finish.
Safe on All Paint Types:
Works on clear coats, metallic, and solid paint finishes.
DIY Friendly:
No machines or expertise needed—just apply, rub, and buff.
How to Use:
Clean and dry the area to be treated.
Pro Tip: For best results, avoid direct sunlight during application.
Apply a small amount of product to the included applicator pad.
Rub the product onto the surface using firm, circular motions.
Let it sit for a moment, then buff with a clean microfiber towel.
Repeat if needed for deeper marks."
Zingfix Ceramic Coating Spray,https://www.pakwheels.com/accessories-spare-parts/zingfix-ceramic-coating-spray-11056021,"PKR 1,200 PKR 2,000",N/A,ZingFix,"Give your vehicle the ultimate shine and protection it deserves with
Zingfix Ceramic Coating Spray
—a professional-grade formula designed for car enthusiasts and detailers alike. Infused with
advanced SiO₂ (Silicon Dioxide) technology
, this spray forms a tough, long-lasting ceramic shield over your vehicle’s exterior that enhances gloss, increases surface slickness, and defends against harsh environmental elements.
Whether you're looking to maintain your car's paint job, increase shine, or reduce the need for frequent washes, Zingfix has you covered.
Key Features:
Advanced SiO₂ Protection:
Creates a hydrophobic and UV-resistant barrier that repels water, dirt, and grime.
Mirror-Like Gloss:
Deepens paint clarity and enhances color depth for that showroom shine.
Multi-Surface Safe:
Suitable for paint, plastic, chrome, headlights, glass, and even rims.
Quick & Easy Application:
No need for complicated tools or professional help—just spray, wipe, and buff.
Long-Lasting Results:
Provides durable protection for up to 3–6 weeks with a single application.
How to Use:
Wash and dry
your vehicle thoroughly to remove all dirt and contaminants.
Shake the bottle
well before use.
Spray a light mist
of Zingfix Ceramic Coating onto a clean microfiber towel or directly onto the surface.
Spread evenly
using the towel or an applicator pad in straight lines.
Buff gently
with a dry microfiber cloth until the surface is clear and glossy.
Allow the coating to
cure for 4–6 hours
for best results. Avoid water contact during this period.
Ideal For:
Daily drivers who want quick protection
Car detailers looking to enhance gloss and slickness
Anyone who wants water-beading magic and less time spent washing"
Icon Plus Boost Performance & Shine Bundle,https://www.pakwheels.com/accessories-spare-parts/boost-performance-and-shine-bundle-10443960,"PKR 2,690 PKR 3,500",N/A,Icon International,"Icon Plus Boost Performance & Shine Bundle
Engine degreaser 650 ML
Breakfluid Dot 3 450 ML
Injector Cleaner 400 ML
Glass Cleaner 500 ML
Microfiber towel 600 GSM (30*40)
https://www.pakwheels.com/accessories-spare-parts/8-in-1-exclusive-car-care-kit-10252364"
Icon Plus 8 In 1 Exclusive Car Care Kit,https://www.pakwheels.com/accessories-spare-parts/8-in-1-exclusive-car-care-kit-10252364,"PKR 4,860 PKR 6,000",N/A,Icon International,"Bundle Include:
Tire shiner (650 ML)
Foam Cleaner
(650 ML)
Dashboard Polish (450 ML)
Microfiber Towel 600GSM (30*40)
Shiny Spray (100 ML)
Anti-Rust Spray (100 ML)
Car Shampoo (500 ML)
Would you like to order the 8 In 1 Exclusive Car Care Kit
Click on this link
8 In 1 Premium Car Care Kit"
Icon Plus 8 In 1 Premium Car Care Kit,https://www.pakwheels.com/accessories-spare-parts/8-in-1-premium-car-care-kit-10252344,"PKR 4,500 PKR 5,800",N/A,Icon International,"Bundle include:
Microfiber Towel 600GSM (30*40)
Tire Gel (500 ML)
Glass Cleaner (500 ML)
All-Purpose Cleaner (500 ML)
Car Wash Shampoo (500 ML)
Engine Degreaser (500 ML)
Shiny Protectant (500 ML)
Would you like to order the 8 In 1 Exclusive Car Care Kit
Click on this link
8 In 1 Exclusive Car Care Kit"
Icon Plus 5-in-1 Premium Car Care Bundle,https://www.pakwheels.com/accessories-spare-parts/dashboard-polish-vanilla-450ml-revitalize-your-dashboard-with-vanilla-dashboard-polish-9805300,"PKR 2,440 PKR 3,200",N/A,Icon International,"All-in-One Shine: 5-in-1 Icon Plus Premium Car Care Bundle for a Showroom Finish
Transform your car care routine with our 5-in-1 Icon Plus Water Base Premium Car Care Bundle, designed to give your vehicle a showroom shine effortlessly. Perfect for enthusiasts and everyday drivers alike, this comprehensive kit includes everything you need to maintain your car's pristine condition.
Key Features:
● Brilliant Wash & Shine: Our specially formulated Icon Plus car wash shampoo gently removes dirt, grime, and road residue, leaving behind a streak-free, glossy finish.
● Ultimate Protection: The included Icon Plus shiny protectant shields your car's exterior from the elements, keeping it looking newer for longer.
● Crystal Clear View: Effortlessly remove fingerprints, smudges, and dirt from your windows and mirrors with our powerful Icon Plus glass cleaner, ensuring exceptional visibility and a safer driving experience.
● Scratch-Free Shine: The high-quality Icon Plus microfiber cloth gently buffs and polishes your car to a showroom shine, without leaving scratches or lint.
● Eco-Friendly Formula: Icon Plus water-based products are tough on dirt, but gentle on the environment.
Benefits:
● Effortless Car Care: This all-inclusive bundle provides everything you need for a complete car detailing at home.
● Saves Time & Money: Skip expensive car washes and detailing services. This bundle offers professional-grade results at a fraction of the cost.
● Long-Lasting Shine: Protect your car's paint job and keep it looking its best for months to come.
Order your 5-in-1 Water Base Premium Car Care Bundle today and experience the difference!"
Toyota Passo 2016-2025 Denso Genuine Cabin Filter - Toyota OEM Quality,https://www.pakwheels.com/accessories-spare-parts/toyota-passo-2016-2025-denso-genuine-cabin-filter-toyota-oem-quality-10958118,"PKR 2,250",N/A,Auto House,"Toyota Passo 2016-2025 Denso Genuine Cabin Filter - Toyota OEM Quality
• The Denso cabin air filter ensures clean and healthy air inside your vehicle, creating a comfortable environment for you and your passengers.
• It offers original equipment manufacturer (OEM) quality, ensuring optimal performance and durability for long-lasting use and peace of mind.
• Specifically engineered to perfectly fit a wide range of automotive applications, ensuring a precise and seamless fit for your vehicle.
• This filter enhances the efficiency of your vehicle's air conditioning system, providing a more enjoyable driving experience, especially during hot weather, by purifying the air."
Toyota Passo 2010-2016 Denso Genuine Cabin Filter - Toyota OEM Quality,https://www.pakwheels.com/accessories-spare-parts/toyota-passo-2010-2016-denso-genuine-cabin-filter-toyota-oem-quality-10958136,"PKR 2,250",N/A,Auto House,"Toyota Passo 2010-2016 Denso Genuine Cabin Filter - Toyota OEM Quality
• The Denso cabin air filter ensures clean and healthy air inside your vehicle, creating a comfortable environment for you and your passengers.
• It offers original equipment manufacturer (OEM) quality, ensuring optimal performance and durability for long-lasting use and peace of mind.
• Specifically engineered to perfectly fit a wide range of automotive applications, ensuring a precise and seamless fit for your vehicle.
• This filter enhances the efficiency of your vehicle's air conditioning system, providing a more enjoyable driving experience, especially during hot weather, by purifying the air."
Toyota Crown 2018-2020 Denso Genuine Cabin Filter - Toyota OEM Quality,https://www.pakwheels.com/accessories-spare-parts/toyota-crown-2018-2020-denso-genuine-cabin-filter-toyota-oem-quality-10958141,"PKR 2,250",N/A,Auto House,"Toyota Crown 2018-2020 Denso Genuine Cabin Filter - Toyota OEM Quality
* The Denso cabin air filter ensures clean and healthy air inside your vehicle, creating a comfortable environment for you and your passengers.
* It offers original equipment manufacturer (OEM) quality, ensuring optimal performance and durability for long-lasting use and peace of mind.
* Specifically engineered to perfectly fit a wide range of automotive applications, ensuring a precise and seamless fit for your vehicle.
* This filter enhances the efficiency of your vehicle's air conditioning system, providing a more enjoyable driving experience, especially during hot weather, by purifying the air."
Toyota Crown 2012-2018 Denso Genuine Cabin Filter - Toyota OEM Quality,https://www.pakwheels.com/accessories-spare-parts/toyota-crown-2012-2018-denso-genuine-cabin-filter-toyota-oem-quality-10958151,"PKR 2,250",N/A,Auto House,"Toyota Crown 2012-2018 Denso Genuine Cabin Filter - Toyota OEM Quality
* The Denso cabin air filter ensures clean and healthy air inside your vehicle, creating a comfortable environment for you and your passengers.
* It offers original equipment manufacturer (OEM) quality, ensuring optimal performance and durability for long-lasting use and peace of mind.
* Specifically engineered to perfectly fit a wide range of automotive applications, ensuring a precise and seamless fit for your vehicle.
* This filter enhances the efficiency of your vehicle's air conditioning system, providing a more enjoyable driving experience, especially during hot weather, by purifying the air."
Toyota Noah 2014-2025 Denso Genuine Cabin Filter - Toyota OEM Quality,https://www.pakwheels.com/accessories-spare-parts/toyota-noah-2014-2025-denso-genuine-cabin-filter-toyota-oem-quality-10958162,"PKR 2,250",N/A,Auto House,"Toyota Noah 2014-2025 Denso Genuine Cabin Filter - Toyota OEM Quality
• The Denso cabin air filter ensures clean and healthy air inside your vehicle, creating a comfortable environment for you and your passengers.
• It offers original equipment manufacturer (OEM) quality, ensuring optimal performance and durability for long-lasting use and peace of mind.
• Specifically engineered to perfectly fit a wide range of automotive applications, ensuring a precise and seamless fit for your vehicle.
• This filter enhances the efficiency of your vehicle's air conditioning system, providing a more enjoyable driving experience, especially during hot weather, by purifying the air."
Toyota Crown 2008-2012 Denso Genuine Cabin Filter - Toyota OEM Quality,https://www.pakwheels.com/accessories-spare-parts/toyota-crown-2008-2012-denso-genuine-cabin-filter-toyota-oem-quality-10958171,"PKR 2,250",N/A,Auto House,"Toyota Crown 2008-2012 Denso Genuine Cabin Filter - Toyota OEM Quality
* The Denso cabin air filter ensures clean and healthy air inside your vehicle, creating a comfortable environment for you and your passengers.
* It offers original equipment manufacturer (OEM) quality, ensuring optimal performance and durability for long-lasting use and peace of mind.
* Specifically engineered to perfectly fit a wide range of automotive applications, ensuring a precise and seamless fit for your vehicle.
* This filter enhances the efficiency of your vehicle's air conditioning system, providing a more enjoyable driving experience, especially during hot weather, by purifying the air."
Toyota Mark X 2009-20219 Denso Genuine Cabin Filter - Toyota OEM Quality,https://www.pakwheels.com/accessories-spare-parts/toyota-mark-x-2009-20219-denso-genuine-cabin-filter-toyota-oem-quality-10958180,"PKR 2,250",N/A,Auto House,"Toyota Mark X 2009-2019 Denso Genuine Cabin Filter - Toyota OEM Quality
• The Denso cabin air filter ensures clean and healthy air inside your vehicle, creating a comfortable environment for you and your passengers.
• It offers original equipment manufacturer (OEM) quality, ensuring optimal performance and durability for long-lasting use and peace of mind.
• Specifically engineered to perfectly fit a wide range of automotive applications, ensuring a precise and seamless fit for your vehicle.
• This filter enhances the efficiency of your vehicle's air conditioning system, providing a more enjoyable driving experience, especially during hot weather, by purifying the air."
Toyota Mark X 2004-2009 Denso Genuine Cabin Filter - Toyota OEM Quality,https://www.pakwheels.com/accessories-spare-parts/toyota-mark-x-2004-2009-denso-genuine-cabin-filter-toyota-oem-quality-10958191,"PKR 2,250",N/A,Auto House,"Toyota Mark X 2004-2009 Denso Genuine Cabin Filter - Toyota OEM Quality
• The Denso cabin air filter ensures clean and healthy air inside your vehicle, creating a comfortable environment for you and your passengers.
• It offers original equipment manufacturer (OEM) quality, ensuring optimal performance and durability for long-lasting use and peace of mind.
• Specifically engineered to perfectly fit a wide range of automotive applications, ensuring a precise and seamless fit for your vehicle.
• This filter enhances the efficiency of your vehicle's air conditioning system, providing a more enjoyable driving experience, especially during hot weather, by purifying the air."
Toyota Crown 2003-2008 Denso Genuine Cabin Filter - Toyota OEM Quality,https://www.pakwheels.com/accessories-spare-parts/toyota-crown-2003-2008-denso-genuine-cabin-filter-toyota-oem-quality-10958193,"PKR 2,250",N/A,Auto House,"Toyota Crown 2003-2008 Denso Genuine Cabin Filter - Toyota OEM Quality
* The Denso cabin air filter ensures clean and healthy air inside your vehicle, creating a comfortable environment for you and your passengers.
* It offers original equipment manufacturer (OEM) quality, ensuring optimal performance and durability for long-lasting use and peace of mind.
* Specifically engineered to perfectly fit a wide range of automotive applications, ensuring a precise and seamless fit for your vehicle.
* This filter enhances the efficiency of your vehicle's air conditioning system, providing a more enjoyable driving experience, especially during hot weather, by purifying the air."
Toyota Corolla Xli 2018-2024 Denso Genuine Cabin Filter - Toyota OEM Quality,https://www.pakwheels.com/accessories-spare-parts/toyota-corolla-xli-2018-2024-denso-genuine-cabin-filter-toyota-oem-quality-10958211,"PKR 2,250",N/A,Auto House,"Toyota Corolla Xli 2018-2024 Denso Genuine Cabin Filter - Toyota OEM Quality
* The Denso cabin air filter ensures clean and healthy air inside your vehicle, creating a comfortable environment for you and your passengers.
* It offers original equipment manufacturer (OEM) quality, ensuring optimal performance and durability for long-lasting use and peace of mind.
* Specifically engineered to perfectly fit a wide range of automotive applications, ensuring a precise and seamless fit for your vehicle.
* This filter enhances the efficiency of your vehicle's air conditioning system, providing a more enjoyable driving experience, especially during hot weather, by purifying the air."
Toyota Corolla X 2000-2006 Denso Genuine Cabin Filter - Toyota OEM Quality,https://www.pakwheels.com/accessories-spare-parts/toyota-corolla-x-2000-2006-denso-genuine-cabin-filter-toyota-oem-quality-10958212,"PKR 2,250",N/A,Auto House,"Toyota Corolla X 2000-2006 Denso Genuine Cabin Filter - Toyota OEM Quality
• The Denso cabin air filter ensures clean and healthy air inside your vehicle, creating a comfortable environment for you and your passengers.
• It offers original equipment manufacturer (OEM) quality, ensuring optimal performance and durability for long-lasting use and peace of mind.
• Specifically engineered to perfectly fit a wide range of automotive applications, ensuring a precise and seamless fit for your vehicle.
• This filter enhances the efficiency of your vehicle's air conditioning system, providing a more enjoyable driving experience, especially during hot weather, by purifying the air."
Toyota Mark 2 2000-2004 Denso Genuine Cabin Filter - Toyota OEM Quality,https://www.pakwheels.com/accessories-spare-parts/toyota-mark-2-2000-2004-denso-genuine-cabin-filter-toyota-oem-quality-10958230,"PKR 2,250",N/A,Auto House,"Toyota Mark 2 2000-2004 Denso Genuine Cabin Filter - Toyota OEM Quality
• The Denso cabin air filter ensures clean and healthy air inside your vehicle, creating a comfortable environment for you and your passengers.
• It offers original equipment manufacturer (OEM) quality, ensuring optimal performance and durability for long-lasting use and peace of mind.
• Specifically engineered to perfectly fit a wide range of automotive applications, ensuring a precise and seamless fit for your vehicle.
• This filter enhances the efficiency of your vehicle's air conditioning system, providing a more enjoyable driving experience, especially during hot weather, by purifying the air."
Toyota Corolla Xli 2014-2018 Denso Genuine Cabin Filter - Toyota OEM Quality,https://www.pakwheels.com/accessories-spare-parts/toyota-corolla-xli-2014-2018-denso-genuine-cabin-filter-toyota-oem-quality-10958251,"PKR 2,250",N/A,Auto House,"Toyota Corolla Xli 2014-2018 Denso Genuine Cabin Filter - Toyota OEM Quality
* The Denso cabin air filter ensures clean and healthy air inside your vehicle, creating a comfortable environment for you and your passengers.
* It offers original equipment manufacturer (OEM) quality, ensuring optimal performance and durability for long-lasting use and peace of mind.
* Specifically engineered to perfectly fit a wide range of automotive applications, ensuring a precise and seamless fit for your vehicle.
* This filter enhances the efficiency of your vehicle's air conditioning system, providing a more enjoyable driving experience, especially during hot weather, by purifying the air."
Toyota Corolla Axio 2012-2025 Denso Genuine Cabin Filter - Toyota OEM Quality,https://www.pakwheels.com/accessories-spare-parts/toyota-corolla-axio-2012-2025-denso-genuine-cabin-filter-toyota-oem-quality-10958259,"PKR 2,250",N/A,Auto House,"Toyota Corolla Axio 2012-2025 Denso Genuine Cabin Filter - Toyota OEM Quality
• The Denso cabin air filter ensures clean and healthy air inside your vehicle, creating a comfortable environment for you and your passengers.
• It offers original equipment manufacturer (OEM) quality, ensuring optimal performance and durability for long-lasting use and peace of mind.
• Specifically engineered to perfectly fit a wide range of automotive applications, ensuring a precise and seamless fit for your vehicle.
• This filter enhances the efficiency of your vehicle's air conditioning system, providing a more enjoyable driving experience, especially during hot weather, by purifying the air."
Toyota Corolla Axio 2006-2012 Denso Genuine Cabin Filter - Toyota OEM Quality,https://www.pakwheels.com/accessories-spare-parts/toyota-corolla-axio2006-2012-denso-genuine-cabin-filter-toyota-oem-quality-10958272,"PKR 2,250",N/A,Auto House,"Toyota Corolla Axio 2006-2012 Denso Genuine Cabin Filter - Toyota OEM Quality
• The Denso cabin air filter ensures clean and healthy air inside your vehicle, creating a comfortable environment for you and your passengers.
• It offers original equipment manufacturer (OEM) quality, ensuring optimal performance and durability for long-lasting use and peace of mind.
• Specifically engineered to perfectly fit a wide range of automotive applications, ensuring a precise and seamless fit for your vehicle.
• This filter enhances the efficiency of your vehicle's air conditioning system, providing a more enjoyable driving experience, especially during hot weather, by purifying the air."
Toyota Corolla Xli 2008-2014 Denso Genuine Cabin Filter - Toyota OEM Quality,https://www.pakwheels.com/accessories-spare-parts/toyota-corolla-xli-2008-2014-denso-genuine-cabin-filter-toyota-oem-quality-10958277,"PKR 2,250",N/A,Auto House,"Toyota Corolla Xli 2008-2014 Denso Genuine Cabin Filter - Toyota OEM Quality
* The Denso cabin air filter ensures clean and healthy air inside your vehicle, creating a comfortable environment for you and your passengers.
* It offers original equipment manufacturer (OEM) quality, ensuring optimal performance and durability for long-lasting use and peace of mind.
* Specifically engineered to perfectly fit a wide range of automotive applications, ensuring a precise and seamless fit for your vehicle.
* This filter enhances the efficiency of your vehicle's air conditioning system, providing a more enjoyable driving experience, especially during hot weather, by purifying the air."
Toyota Corolla Xli 2002-2008 Denso Genuine Cabin Filter - Toyota OEM Quality,https://www.pakwheels.com/accessories-spare-parts/toyota-corolla-xli-2002-2008-denso-genuine-cabin-filter-toyota-oem-quality-10958285,"PKR 2,250",N/A,Auto House,"Toyota Corolla Xli 2002-2008 Denso Genuine Cabin Filter - Toyota OEM Quality
* The Denso cabin air filter ensures clean and healthy air inside your vehicle, creating a comfortable environment for you and your passengers.
* It offers original equipment manufacturer (OEM) quality, ensuring optimal performance and durability for long-lasting use and peace of mind.
* Specifically engineered to perfectly fit a wide range of automotive applications, ensuring a precise and seamless fit for your vehicle.
* This filter enhances the efficiency of your vehicle's air conditioning system, providing a more enjoyable driving experience, especially during hot weather, by purifying the air."
Toyota  Corolla Altis 2018-2024 Denso Genuine Cabin Filter - Toyota OEM Quality,https://www.pakwheels.com/accessories-spare-parts/toyota-corolla-altis-2018-2024-denso-genuine-cabin-filter-toyota-oem-quality-10958290,"PKR 2,250",N/A,Auto House,"Toyota  Corolla Altis 2018-2024 Denso Genuine Cabin Filter - Toyota OEM Quality
• The Denso cabin air filter ensures clean and healthy air inside your vehicle, creating a comfortable environment for you and your passengers.
• It offers original equipment manufacturer (OEM) quality, ensuring optimal performance and durability for long-lasting use and peace of mind.
• Specifically engineered to perfectly fit a wide range of automotive applications, ensuring a precise and seamless fit for your vehicle.
• This filter enhances the efficiency of your vehicle's air conditioning system, providing a more enjoyable driving experience, especially during hot weather, by purifying the air."
Toyota Corolla SE Saloon 2002-2008 Denso Genuine Cabin Filter - Toyota OEM Quality,https://www.pakwheels.com/accessories-spare-parts/toyota-corolla-se-saloon-2002-2008-denso-genuine-cabin-filter-toyota-oem-quality-10958299,"PKR 2,250",N/A,Auto House,"Toyota Corolla SE Saloon 2002-2008 Denso Genuine Cabin Filter - Toyota OEM Quality
* The Denso cabin air filter ensures clean and healthy air inside your vehicle, creating a comfortable environment for you and your passengers.
* It offers original equipment manufacturer (OEM) quality, ensuring optimal performance and durability for long-lasting use and peace of mind.
* Specifically engineered to perfectly fit a wide range of automotive applications, ensuring a precise and seamless fit for your vehicle.
* This filter enhances the efficiency of your vehicle's air conditioning system, providing a more enjoyable driving experience, especially during hot weather, by purifying the air."
Toyota Corolla Altis  2014-2028 Denso Genuine Cabin Filter - Toyota OEM Quality,https://www.pakwheels.com/accessories-spare-parts/toyota-corolla-altis-2014-2028-denso-genuine-cabin-filter-toyota-oem-quality-10958308,"PKR 2,250",N/A,Auto House,"Toyota Corolla Altis  2014-2028 Denso Genuine Cabin Filter - Toyota OEM Quality
• The Denso cabin air filter ensures clean and healthy air inside your vehicle, creating a comfortable environment for you and your passengers.
• It offers original equipment manufacturer (OEM) quality, ensuring optimal performance and durability for long-lasting use and peace of mind.
• Specifically engineered to perfectly fit a wide range of automotive applications, ensuring a precise and seamless fit for your vehicle.
• This filter enhances the efficiency of your vehicle's air conditioning system, providing a more enjoyable driving experience, especially during hot weather, by purifying the air."
Toyota Corolla 2015-2023 Luxury Carpet Floor Mat - Black - Oem Fitting - 3 Pcs,https://www.pakwheels.com/accessories-spare-parts/toyota-corolla-2015-2020-car-floor-mat-luxury-carpet-material-oem-fitting-03-pcs-set-black-10336971,"PKR 8,100 PKR 9,000",N/A,Azeem Auto PK,"TOYOTA COROLLA 2014-2023 LUXUARY CARPET CAR FLOOR MAT
AZEEM AUTOS Carpet Floor Mats are three time Thicker than Industry Standards. Car Model Logo is Printed. A dependable set of carpet floor mats protect your vehicle floor from rain and slush.
• High-class Packaging used
• Easy to Install and remove
• Easy to clean and wash
• Don’t Crack , Split or Deform
• Built for Durability and flexibility
• Thick Heavy Duty Mats & Liners
• Made with nylon fibers.
They are available in various thicknesses and levels of plushness and can be standard sizes or custom-made. Thanks for visiting over site now you are ready to purchase. AZEEM AUTOS always here to make your car glowing."
Toyota Corolla Cross 202-2024 Luxury Carpet Floor Mat - Black - Oem Fitting - 3 Pcs,https://www.pakwheels.com/accessories-spare-parts/toyota-cross-new-2024-luxury-carpet-floor-mat-black-oem-fitting-3-pcs-10337101,"PKR 7,600 PKR 8,000",N/A,Azeem Auto PK,"TOYOTA CROSS LUXUARY CARPET CAR FLOOR MAT
AZEEM AUTOS Carpet Floor Mats are three time Thicker than Industry Standards. Car Model Logo is Printed. A dependable set of carpet floor mats protect your vehicle floor from rain and slush.
• High-class Packaging used
• Easy to Install and remove
• Easy to clean and wash
• Don’t Crack , Split or Deform
• Built for Durability and flexibility
• Thick Heavy Duty Mats & Liners
• Made with nylon fibers.
They are available in various thicknesses and levels of plushness and can be standard sizes or custom-made. Thanks for visiting over site now you are ready to purchase. AZEEM AUTOS always here to make your car glowing."
Changan Oshan X7 2022-2024 Luxury Carpet Floor Mat - Black - Oem Fitting - 3 Pcs,https://www.pakwheels.com/accessories-spare-parts/changan-oshan-x7-luxury-carpet-floor-mat-black-oem-fitting-3-pcs-10337102,"PKR 7,600 PKR 8,000",N/A,Azeem Auto PK,"CHANGAN OSHAN X7 LUXUARY CARPET CAR FLOOR MAT
AZEEM AUTOS Carpet Floor Mats are three time Thicker than Industry Standards. Car Model Logo is Printed. A dependable set of carpet floor mats protect your vehicle floor from rain and slush.
• High-class Packaging used
• Easy to Install and remove
• Easy to clean and wash
• Don’t Crack , Split or Deform
• Built for Durability and flexibility
• Thick Heavy Duty Mats & Liners
• Made with nylon fibers.
They are available in various thicknesses and levels of plushness and can be standard sizes or custom-made. Thanks for visiting over site now you are ready to purchase. AZEEM AUTOS always here to make your car glowing."
Honda City 2010-2018 Luxury Carpet Floor Mat - Black - Oem Fitting - 3 Pcs,https://www.pakwheels.com/accessories-spare-parts/honda-city-2008-2021-luxury-carpet-floor-mat-black-oem-fitting-3-pcs-10337345,"PKR 8,100 PKR 9,000",N/A,Azeem Auto PK,"HONDA CITY  LUXUARY  CARPET CAR FLOOR MAT
AZEEM AUTOS Carpet Floor Mats are three time Thicker than Industry Standards. Car Model Logo is Printed. A dependable set of carpet floor mats protect your vehicle floor from rain and slush.
• High-class Packaging used
• Easy to Install and remove
• Easy to clean and wash
• Don’t Crack , Split or Deform
• Built for Durability and flexibility
• Thick Heavy Duty Mats & Liners
• Made with nylon fibers.
They are available in various thicknesses and levels of plushness and can be standard sizes or custom-made. Thanks for visiting over site now you are ready to purchase. AZEEM AUTOS always here to make your car glowing."
Toyota Revo 2015-2024 Luxury Carpet Floor Mat - Black - Oem Fitting - 3 Pcs,https://www.pakwheels.com/accessories-spare-parts/toyota-revo-2015-2024-luxury-carpet-floor-mat-black-oem-fitting-3-pcs-10337710,"PKR 7,600 PKR 8,000",N/A,Azeem Auto PK,"TOYOTA REVO LUXUARY  CARPET CAR FLOOR MAT
AZEEM AUTOS Carpet Floor Mats are three time Thicker than Industry Standards. Car Model Logo is Printed. A dependable set of carpet floor mats protect your vehicle floor from rain and slush.
• High-class Packaging used
• Easy to Install and remove
• Easy to clean and wash
• Don’t Crack , Split or Deform
• Built for Durability and flexibility
• Thick Heavy Duty Mats & Liners
• Made with nylon fibers.
They are available in various thicknesses and levels of plushness and can be standard sizes or custom-made. Thanks for visiting over site now you are ready to purchase. AZEEM AUTOS always here to make your car glowing."
Honda Civic 2022-2024 Carpet Floor Mat - Black - OEM  Fitting - 3 Pcs,https://www.pakwheels.com/accessories-spare-parts/honda-civic-2022-2023-carpet-floor-mat-black-oem-fitting-3-pcs-10337763,"PKR 3,799",N/A,Azeem Auto PK,"HONDA CIVIC 2023 EXCUTIVE CARPET CAR FLOOR MAT
AZEEM AUTOS Carpet Floor Mats are three time Thicker than Industry Standards. Car Model Logo is Printed. A dependable set of carpet floor mats protect your vehicle floor from rain and slush.
• High-class Packaging used
• Easy to Install and remove
• Easy to clean and wash
• Don’t Crack , Split or Deform
• Built for Durability and flexibility
• Thick Heavy Duty Mats & Liners
• Made with nylon fibers.
They are available in various thicknesses and levels of plushness and can be standard sizes or custom-made. Thanks for visiting over site now you are ready to purchase. AZEEM AUTOS always here to make your car glowing."
Honda Civic 2013-2015 Carpet Floor Mat - Black - OEM Fitting - 3 Pcs,https://www.pakwheels.com/accessories-spare-parts/honda-civic-2013-2015-carpet-floor-mat-black-oem-fitting-3-pcs-10337772,"PKR 3,799",N/A,Azeem Auto PK,"HONDA CIVIC 2010-12 TRIBON EXECUTIVE CARPET CAR FLOOR MAT
AZEEM AUTOS Carpet Floor Mats are three time Thicker than Industry Standards. Car Model Logo is Printed. A dependable set of carpet floor mats protect your vehicle floor from rain and slush.
• High-class Packaging used
• Easy to Install and remove
• Easy to clean and wash
• Don’t Crack , Split or Deform
• Built for Durability and flexibility
• Thick Heavy Duty Mats & Liners
• Made with nylon fibers
.
They are available in various thicknesses and levels of plushness and can be standard sizes or custom-made. Thanks for visiting over site now you are ready to purchase. AZEEM AUTOS always here to make your car glowing."
Toyota Corolla 2018-2024 Carpet Floor Mat - Beige - OEM Fitting - 3 Pcs,https://www.pakwheels.com/accessories-spare-parts/toyota-corolla-2018-2024-carpet-floor-mat-beige-oem-fitting-3-pcs-10337823,"PKR 3,799",N/A,Azeem Auto PK,"TOYOTA COROLLA 2014-2023 EXECUTIVE CARPET CAR FLOOR MAT
AZEEM AUTOS Carpet Floor Mats are three time Thicker than Industry Standards. Car Model Logo is Printed. A dependable set of carpet floor mats protect your vehicle floor from rain and slush.
• High-class Packaging used
• Easy to Install and remove
• Easy to clean and wash
• Don’t Crack , Split or Deform
• Built for Durability and flexibility
• Thick Heavy Duty Mats & Liners
• Made with nylon fibers.
They are available in various thicknesses and levels of plushness and can be standard sizes or custom-made. Thanks for visiting over site now you are ready to purchase. AZEEM AUTOS always here to make your car glowing."
CHANGAN OSHAN X7 EXECUTIVE CARPET CAR FLOOR MAT,https://www.pakwheels.com/accessories-spare-parts/changan-oshan-x7-2022-2024-carpet-floor-mat-black-oem-fitting-3-pcs-10337854,"PKR 3,799",N/A,Azeem Auto PK,"CHANGAN OSHAN X7 EXECUTIVE CARPET CAR FLOOR MAT
AZEEM AUTOS Carpet Floor Mats are three time Thicker than Industry Standards. Car Model Logo is Printed. A dependable set of carpet floor mats protect your vehicle floor from rain and slush.
• High-class Packaging used
• Easy to Install and remove
• Easy to clean and wash
• Don’t Crack , Split or Deform
• Built for Durability and flexibility
• Thick Heavy Duty Mats & Liners
• Made with nylon fibers.
They are available in various thicknesses and levels of plushness and can be standard sizes or custom-made. Thanks for visiting over site now you are ready to purchase. AZEEM AUTOS always here to make your car glowing."
ROYAL BEMAZ PACK OF 6 MICROFIBER CLOTHS - 40X40CM - 500GSM - YELLOW COLOUR - TOP QUALITY,https://www.pakwheels.com/accessories-spare-parts/royal-bemaz-pack-of-6-microfiber-cloths-40x40cm-500gsm-yellow-colour-top-quality-10568795,"PKR 2,340 PKR 2,600",N/A,Azeem Auto PK,"Microfiber Towel High Absorbent Dual Layer 40x40cm 850GSM - Yellow Grey - Pack Of 6
* High Absorbent Microfiber
* Laminated Dual Layer For Extra Clean
* High Quality Border Stitch For Long Life
* Soft & Anti-Scratch
* 40cm x 40cm
* 500 GSM."
KIA SPOTAGE  2019  Carpet Floor Mat - Beige - OEM Fitting - 3 Pcs,https://www.pakwheels.com/accessories-spare-parts/kia-sportage-carpet-floor-mat-beige-oem-fitting-3-pcs-10340927,"PKR 5,799",N/A,Azeem Auto PK,"KIA SPORTAGE 2019 EXECUTIVE CARPET CAR FLOOR MAT
AZEEM AUTOS Carpet Floor Mats are three time Thicker than Industry Standards. Car Model Logo is Printed. A dependable set of carpet floor mats protect your vehicle floor from rain and slush.
• High-class Packaging used
• Easy to Install and remove
• Easy to clean and wash
• Don’t Crack , Split or Deform
• Built for Durability and flexibility
• Thick Heavy Duty Mats & Liners
• Made with nylon fibers.
They are available in various thicknesses and levels of plushness and can be standard sizes or custom-made. Thanks for visiting over site now you are ready to purchase. AZEEM AUTOS always here to make your car glowing."
Kia Sportage 2019-2024 Carpet Floor Mat - Black - OEM Fitting - 3 Pcs,https://www.pakwheels.com/accessories-spare-parts/kia-sportage-carpet-floor-mat-black-oem-fitting-3-pcs-10340940,"PKR 5,799",N/A,Azeem Auto PK,"KIA SPORTAGE EXECUTIVE CARPET CAR FLOOR MAT
AZEEM AUTOS Carpet Floor Mats are three time Thicker than Industry Standards. Car Model Logo is Printed. A dependable set of carpet floor mats protect your vehicle floor from rain and slush.
• High-class Packaging used
• Easy to Install and remove
• Easy to clean and wash
• Don’t Crack , Split or Deform
• Built for Durability and flexibility
• Thick Heavy Duty Mats & Liners
• Made with nylon fibers.
They are available in various thicknesses and levels of plushness and can be standard sizes or custom-made. Thanks for visiting over site now you are ready to purchase. AZEEM AUTOS always here to make your car glowing."
Toyota Prado FJ 150  Carpet Floor Mat - Black - OEM Fitting - 4 Pcs,https://www.pakwheels.com/accessories-spare-parts/toyota-prado-fj-150-carpet-floor-mat-black-oem-fitting-3-pcs-10341354,"PKR 15,675 PKR 16,500",N/A,Azeem Auto PK,"TOYOTA PRADO FJ-150  EXECUTIVE CARPET CAR FLOOR MAT
AZEEM AUTOS Carpet Floor Mats are three time Thicker than Industry Standards. Car Model Logo is Printed. A dependable set of carpet floor mats protect your vehicle floor from rain and slush.
• High-class Packaging used
• Easy to Install and remove
• Easy to clean and wash
• Don’t Crack , Split or Deform
• Built for Durability and flexibility
• Thick Heavy Duty Mats & Liners
• Made with nylon fibers.
They are available in various thicknesses and levels of plushness and can be standard sizes or custom-made. Thanks for visiting over site now you are ready to purchase. AZEEM AUTOS always here to make your car glowing."
Toyota Land Cruiser FJ 200  Carpet Floor Mat - Beige - OEM Fitting - 4 Pcs,https://www.pakwheels.com/accessories-spare-parts/toyota-land-cruiser-fj-200-carpet-floor-mat-beige-oem-fitting-3-pcs-10341356,"PKR 16,150 PKR 17,000",N/A,Azeem Auto PK,"TOYOTA LAND CRUISER FJ-200EXECUTIVE CARPET CAR FLOOR MAT
AZEEM AUTOS Carpet Floor Mats are three time Thicker than Industry Standards. Car Model Logo is Printed. A dependable set of carpet floor mats protect your vehicle floor from rain and slush.
• High-class Packaging used
• Easy to Install and remove
• Easy to clean and wash
• Don’t Crack , Split or Deform
• Built for Durability and flexibility
• Thick Heavy Duty Mats & Liners
• Made with nylon fibers.
They are available in various thicknesses and levels of plushness and can be standard sizes or custom-made. Thanks for visiting over site now you are ready to purchase. AZEEM AUTOS always here to make your car glowing."
Honda Civic 2006-2009 Luxury Carpet Floor Mat - Beige - OEM Fitting - 3 Pcs,https://www.pakwheels.com/accessories-spare-parts/honda-civic-2006-2009-luxury-carpet-floor-mat-beige-oem-fitting-3-pcs-10394193,"PKR 5,799",N/A,Azeem Auto PK,"HONDA CIVIC 2009 REBORN LUXUARY  CARPET CAR FLOOR MAT
AZEEM AUTOS Carpet Floor Mats are three time Thicker than Industry Standards. Car Model Logo is Printed. A dependable set of carpet floor mats protect your vehicle floor from rain and slush.
• High-class Packaging used
• Easy to Install and remove
• Easy to clean and wash
• Don’t Crack , Split or Deform
• Built for Durability and flexibility
• Thick Heavy Duty Mats & Liners
• Made with nylon fibers.
They are available in various thicknesses and levels of plushness and can be standard sizes or custom-made. Thanks for visiting over site now you are ready to purchase. AZEEM AUTOS always here to make your car glowing."
Honda City 2022-2024 Carpet Floor Mat - Black - OEM Fitting - 3 Pcs,https://www.pakwheels.com/accessories-spare-parts/honda-city-2022-2024-carpet-floor-mat-black-oem-fitting-3-pcs-10448906,"PKR 3,799",N/A,Azeem Auto PK,"HONDA CITY 22-24 EXECUTIVE CARPET CAR FLOOR MAT
AZEEM AUTOS Carpet Floor Mats are three time Thicker than Industry Standards. Car Model Logo is Printed. A dependable set of carpet floor mats protect your vehicle floor from rain and slush.
• High-class Packaging used
• Easy to Install and remove
• Easy to clean and wash
• Don’t Crack , Split or Deform
• Built for Durability and flexibility
• Thick Heavy Duty Mats & Liners
• Made with nylon fibers.
They are available in various thicknesses and levels of plushness and can be standard sizes or custom-made. Thanks for visiting over site now you are ready to purchase. AZEEM AUTOS always here to make your car glowing."
Kia Sportage L Alpha 2025 Executive Carpet Floor Mats,https://www.pakwheels.com/accessories-spare-parts/kia-sportage-l-alpha-2025-executive-carpet-car-floor-mat-11049640,"PKR 8,550 PKR 9,500",N/A,Azeem Auto PK,"Kia Sportage L Alpha 2025 Executive Carpet Floor Mats
AZEEM AUTOS Carpet Floor Mats are three time Thicker than Industry Standards. Car Model Logo is Printed. A dependable set of carpet floor mats protect your vehicle floor from rain and slush.
• High-class Packaging used
• Easy to Install and remove
• Easy to clean and wash
• Don’t Crack , Split or Deform
• Built for Durability and flexibility
• Thick Heavy Duty Mats & Liners
• Made with nylon fibers.
They are available in various thicknesses and levels of plushness and can be standard sizes or custom-made. Thanks for visiting over site now you are ready to purchase. AZEEM AUTOS always here to make your car glowing."
Zingfix Waterless Car Wash,https://www.pakwheels.com/accessories-spare-parts/waterless-car-wash-10259041,"PKR 750 PKR 1,000",N/A,ZingFix,"Zingfix Waterless Car Wash
The
Zingfix Waterless Car Wash
is a convenient, eco-friendly solution designed to clean and shine your vehicle without the need for water. Its advanced formula lifts dirt, dust, and grime from your car’s surface, providing a streak-free, polished finish. Ideal for use on paint, glass, chrome, and plastic surfaces, this waterless wash is perfect for quick touch-ups or when traditional washing isn’t possible. The product is safe for all vehicle finishes and includes protective agents that help preserve the shine while reducing the risk of scratches. Simply spray, wipe, and buff for a clean and glossy car in minutes."
Zingfix Applicator Pads Pack of 10,https://www.pakwheels.com/accessories-spare-parts/zingfix-applicator-pads-pack-of-10-10342913,PKR 610 PKR 800,N/A,ZingFix,"Zingfix Applicator Pads Pack of 10
•     High-Quality Material:
Soft, durable foam for even application.
•    Non-Scratch Design:
Gentle on surfaces, no scratches or swirls.
•    Multipurpose Use:
Ideal for wax, polish, and other detailing tasks.
•    Comfort Grip:
Easy to hold and apply product smoothly.
•    Reusable & Washable:
Long-lasting, eco-friendly choice."
Zingfix Wooden Handle Car Wheel Brush with Stiff Bristles,https://www.pakwheels.com/accessories-spare-parts/zingfix-wooden-handle-car-wheel-brush-with-stiff-bristles-10394629,PKR 845 PKR 949,N/A,ZingFix,"Zingfix Wooden Handle Car Wheel Brush with Stiff Bristles
Heavy-Duty Cleaning: Stiff bristles provide robust scrubbing for deep cleaning of wheels, tires, and engine areas.
Durable Wooden Handle: Ergonomic design for a comfortable, slip-resistant grip during use.
Multi-Purpose Use: Ideal for automotive maintenance, especially for stubborn grime and brake dust.
Scratch-Free Performance: Effectively cleans without damaging delicate wheel finishes.
Eco-Friendly Material: Wooden handle and high-quality bristles designed for longevity and sustainability."
Zingfix Car Windshield Cleaner Brush,https://www.pakwheels.com/accessories-spare-parts/zingfix-car-windshield-cleaner-brush-10426367,PKR 848 PKR 997,N/A,ZingFix,"Zingfix Car Windshield Cleaner Brush
Effective Cleaning: Removes fog, dirt, and streaks for spotless auto glass.
Ergonomic Design: Easy-grip handle ensures comfortable use during cleaning.
Microfiber Pad: Gentle on glass surfaces while delivering maximum cleaning power.
Compact Size: Lightweight and portable, perfect for storage in your car.
Multi-Purpose: Ideal for interior and exterior glass cleaning.
Durable Build: Made with high-quality materials for long-lasting use."
Zingfix Crevice Microfiber Brush Set (Pack of 6),https://www.pakwheels.com/accessories-spare-parts/zingfix-crevice-microfiber-brush-set-pack-of-6-10443000,"PKR 1,169 PKR 1,298",N/A,ZingFix,"Zingfix Crevice Microfiber Brush Set (Pack Of 6)
Complete Set: Includes 6 brushes for versatile cleaning applications.
Extendable Bamboo Handle: Provides extra reach for cleaning deep crevices and tight spots.
Ultra-Soft Microfiber: Ensures gentle, scratch-free cleaning on delicate surfaces.
Washable & Reusable: Designed for long-term use to reduce waste.
Multi-Purpose: Perfect for cars, blinds, keyboards, and other hard-to-reach areas.
Easy Storage: Comes with a hook for organized and hassle-free storage."
Zingfix Car Magic Clay Bar Pad Set - 3 Pcs,https://www.pakwheels.com/accessories-spare-parts/zingfix-3pcs-car-magic-clay-bar-pad-set-10517227,"PKR 2,001 PKR 2,300",N/A,ZingFix,"Zingfix Car Magic Clay Bar Pad Set - 3 Pcs
High-Quality Material: Made with premium-grade clay for effective decontamination.
Versatile Use: Removes tar, overspray, stubborn grime, and surface contaminants.
Reusable: Durable and washable for multiple uses.
Smooth Finish: Prepares surfaces for waxing and polishing with ease.
Ergonomic Design: Easy-to-hold sponge block for efficient cleaning.
Safe for All Surfaces: Suitable for paint, glass, and metal without causing scratches.
Value Pack: Includes 3 clay bar pads for long-lasting convenience."
Zingfix Microfiber Towel 600GSM Pack of 2,https://www.pakwheels.com/accessories-spare-parts/zingfix-microfiber-towel-600gsm-pack-of-2-10584284,PKR 850 PKR 900,N/A,ZingFix,"Zingfix Microfiber Towel 600GSM Pack of 2
• Includes 2 premium microfiber towels, each with 600 GSM thickness.
• Ultra-soft, highly absorbent, and safe for all surfaces.
• Perfect for car detailing, cleaning, and polishing tasks.
• Lint-free and scratch-resistant for a streak-free finish.
• Reusable, durable, and machine washable for extended use.
• Compact and easy to store or carry.
• Suitable for both wet and dry cleaning purposes"
Zingfix Microfiber Towel 600GSM Pack of 3,https://www.pakwheels.com/accessories-spare-parts/zingfix-microfiber-towel-600gsm-pack-of-3-10584297,"PKR 999 PKR 1,049",N/A,ZingFix,"Zingfix Microfiber Towel 600GSM Pack of 3
• Includes 3 high-quality microfiber towels, each 600 GSM.
• Ultra-soft, highly absorbent, and gentle on surfaces.
• Perfect for car detailing, polishing, and cleaning tasks.
• Lint-free, scratch-resistant, and streak-free finish.
• Compact size for easy handling and storage.
• Reusable and machine washable for long-lasting use.
• Suitable for both wet and dry cleaning applications"
Zingfix Car Magic Clay Bar Pad,https://www.pakwheels.com/accessories-spare-parts/zingfix-car-magic-clay-bar-pad-10639361,PKR 603 PKR 670,N/A,ZingFix,"Zingfix Car Magic Clay Bar Pad
The Zingfix Car Magic Clay Bar Pad is a professional-grade car detailing accessory designed to remove stubborn contaminants from your vehicle’s surface. It effectively eliminates tree sap, overspray, brake dust, tar, and industrial fallout, leaving the paint smooth and ready for waxing or polishing.
How to Use:
1. Wash and rinse the vehicle thoroughly to remove surface dirt.
2. Use a clay lubricant or car wash soap solution to keep the surface wet.
3. Gently glide the clay pad over the surface in straight-line motions.
4. Wipe off residue with a microfiber towel and inspect the smoothness.
5. Clean the pad after use and store it in a cool, dry place."
Zingfix Microfiber Detailing Kit,https://www.pakwheels.com/accessories-spare-parts/zingfix-microfiber-detailing-kit-10667059,"PKR 3,000 PKR 4,000",N/A,ZingFix,"ZINGFIX MICROFIBER DETAILING KIT
• Premium Microfiber Towels: Includes high-density Microfiber Duo (950GSM) and Twist Microfiber (1200GSM) for superior absorption and streak-free drying.
• Versatile Cleaning Kit: Features a 9pcs microfiber kit and 600GSM towel for tackling all detailing tasks with ease.
• Clay Bar Pad: Effortlessly removes embedded contaminants, leaving your car’s surface smooth and ready for waxing.
• Gentle & Scratch-Free: Designed to protect delicate surfaces while delivering professional-grade results.
• Complete Solution: Perfect for cleaning, polishing, drying, and prepping your vehicle for a showroom-like finish."
Zingfix Brass Wire Detailing Brush,https://www.pakwheels.com/accessories-spare-parts/brass-wire-detailing-brush-11055116,PKR 450 PKR 500,N/A,ZingFix,"Description:
A high-quality stainless steel handle wire brush with durable brass bristles – perfect for detailed cleaning, rust removal, and surface prep. Its compact design offers a firm grip and precise control, making it ideal for automotive, industrial, and household use. Gentle on metal surfaces yet tough on grime, this tool ensures efficient and scratch-free cleaning every time."
Zingfix 2-in-1 Air Dust Blowing & Soft Detailing Brush,https://www.pakwheels.com/accessories-spare-parts/zingfix-2-in-1-air-dust-blowing-and-soft-detailing-brush-11055194,PKR 700 PKR 750,N/A,ZingFix,"Description:
A versatile 2-in-1 cleaning tool combining a powerful air blower and ultra-soft brush—perfect for removing dust, dirt, and debris from delicate surfaces like car interiors, air vents, electronics, and dashboards. The soft bristles ensure scratch-free cleaning, while the blower provides precise airflow to clean tight and hard-to-reach spaces. Compact, lightweight, and a must-have for professional detailing and everyday use."
